{"cameraMode":{"drawMode":0,"name":"Shaded","section":"Shading Mode"},"sceneLighting":false,"audioPlay":false,"sceneViewState":{"showFog":true,"showMaterialUpdate":false,"showSkybox":false,"showFlares":true,"showImageEffects":true,"showParticleSystems":true},"in2DMode":false,"pivot":{"x":3.470036029815674,"y":1.3573237657546998,"z":0.1581205129623413},"rotation":{"x":-0.21560494601726533,"y":0.7662954926490784,"z":-0.32253599166870119,"w":-0.5121787190437317},"size":20.399198532104493,"orthographic":false}