{"cameraMode":{"drawMode":0,"name":"Shaded","section":"Shading Mode"},"sceneLighting":false,"audioPlay":false,"sceneViewState":{"showFog":true,"showMaterialUpdate":true,"showSkybox":false,"showFlares":true,"showImageEffects":true,"showParticleSystems":true},"in2DMode":false,"pivot":{"x":632.571044921875,"y":293.3949890136719,"z":0.0},"rotation":{"x":-0.038999006152153018,"y":0.005390777252614498,"z":-0.00030038756085559726,"w":-0.9992603063583374},"size":320.3111877441406,"orthographic":false}