{"cameraMode":{"drawMode":0,"name":"Shaded","section":"Shading Mode"},"sceneLighting":true,"audioPlay":false,"sceneViewState":{"showFog":true,"showMaterialUpdate":true,"showSkybox":true,"showFlares":true,"showImageEffects":true,"showParticleSystems":true},"in2DMode":false,"pivot":{"x":7.939999580383301,"y":2.309999942779541,"z":8.300000190734864},"rotation":{"x":-0.01800786890089512,"y":-0.014101003296673298,"z":0.00015993988199625164,"w":-0.9997754693031311},"size":22.485553741455079,"orthographic":false}