{"cameraMode":{"drawMode":0,"name":"Shaded","section":"Shading Mode"},"sceneLighting":true,"audioPlay":false,"sceneViewState":{"showFog":true,"showMaterialUpdate":true,"showSkybox":true,"showFlares":true,"showImageEffects":true,"showParticleSystems":true},"in2DMode":false,"pivot":{"x":-0.11321020126342774,"y":0.13996386528015138,"z":1.218102216720581},"rotation":{"x":-0.1511297971010208,"y":0.12803436815738679,"z":-0.019757693633437158,"w":-0.9800087809562683},"size":7.121339321136475,"orthographic":false}