{"cameraMode":{"drawMode":0,"name":"Shaded","section":"Shading Mode"},"sceneLighting":true,"audioPlay":false,"sceneViewState":{"showFog":true,"showMaterialUpdate":true,"showSkybox":true,"showFlares":true,"showImageEffects":true,"showParticleSystems":true},"in2DMode":false,"pivot":{"x":4.179999828338623,"y":3.7699999809265138,"z":3.3499999046325685},"rotation":{"x":-0.015661150217056276,"y":0.9127176403999329,"z":-0.4069686233997345,"w":-0.03635011985898018},"size":8.486581802368164,"orthographic":false}