{"cameraMode":{"drawMode":0,"name":"Shaded","section":"Shading Mode"},"sceneLighting":true,"audioPlay":false,"sceneViewState":{"showFog":true,"showMaterialUpdate":true,"showSkybox":true,"showFlares":true,"showImageEffects":true,"showParticleSystems":true},"in2DMode":false,"pivot":{"x":0.038839191198349,"y":-6.306856155395508,"z":-2.11332106590271},"rotation":{"x":0.45227092504501345,"y":0.5382155776023865,"z":-0.5677758455276489,"w":0.4287468492984772},"size":41.724090576171878,"orthographic":false}