{"cameraMode":{"drawMode":0,"name":"Shaded","section":"Shading Mode"},"sceneLighting":false,"audioPlay":false,"sceneViewState":{"showFog":true,"showMaterialUpdate":false,"showSkybox":false,"showFlares":true,"showImageEffects":true,"showParticleSystems":true},"in2DMode":false,"pivot":{"x":-2.595663070678711,"y":10.227301597595215,"z":1.1495161056518555},"rotation":{"x":0.266274094581604,"y":-0.03527378663420677,"z":0.009749681688845158,"w":0.9632070064544678},"size":73.37709045410156,"orthographic":false}