{"cameraMode":{"drawMode":0,"name":"Shaded","section":"Shading Mode"},"sceneLighting":true,"audioPlay":false,"sceneViewState":{"showFog":true,"showMaterialUpdate":true,"showSkybox":true,"showFlares":true,"showImageEffects":true,"showParticleSystems":true},"in2DMode":false,"pivot":{"x":33.999637603759769,"y":-10.647969245910645,"z":-34.66735076904297},"rotation":{"x":-0.3866942226886749,"y":0.05583345517516136,"z":-0.023459242656826974,"w":-0.9202309846878052},"size":350.4017333984375,"orthographic":false}