{"cameraMode":{"drawMode":0,"name":"Shaded","section":"Shading Mode"},"sceneLighting":false,"audioPlay":false,"sceneViewState":{"showFog":true,"showMaterialUpdate":true,"showSkybox":false,"showFlares":true,"showImageEffects":true,"showParticleSystems":true},"in2DMode":false,"pivot":{"x":0.0,"y":1.5700000524520875,"z":2.059999942779541},"rotation":{"x":-0.007361896336078644,"y":-0.9549464583396912,"z":0.2960384786128998,"w":-0.02411525323987007},"size":1.7147305011749268,"orthographic":false}