{"cameraMode":{"drawMode":0,"name":"Shaded","section":"Shading Mode"},"sceneLighting":true,"audioPlay":false,"sceneViewState":{"showFog":true,"showMaterialUpdate":true,"showSkybox":true,"showFlares":true,"showImageEffects":true,"showParticleSystems":true},"in2DMode":false,"pivot":{"x":0.5507482290267944,"y":4.099364280700684,"z":2.466569662094116},"rotation":{"x":-0.4141126871109009,"y":-0.5770353674888611,"z":0.43033355474472048,"w":-0.5574014186859131},"size":49.80205154418945,"orthographic":false}