{"cameraMode":{"drawMode":0,"name":"Shaded","section":"Shading Mode"},"sceneLighting":false,"audioPlay":false,"sceneViewState":{"showFog":true,"showMaterialUpdate":true,"showSkybox":false,"showFlares":true,"showImageEffects":true,"showParticleSystems":true},"in2DMode":false,"pivot":{"x":23.281251907348634,"y":-0.3856849670410156,"z":42.410221099853519},"rotation":{"x":0.06772534549236298,"y":0.9240112900733948,"z":-0.19437596201896668,"w":0.32239830493927},"size":1.793007493019104,"orthographic":false}