{"cameraMode":{"drawMode":0,"name":"Shaded","section":"Shading Mode"},"sceneLighting":false,"audioPlay":false,"sceneViewState":{"showFog":true,"showMaterialUpdate":false,"showSkybox":false,"showFlares":true,"showImageEffects":true,"showParticleSystems":true},"in2DMode":false,"pivot":{"x":23.74112319946289,"y":-3.443298816680908,"z":21.39412498474121},"rotation":{"x":0.07372113317251206,"y":0.41105908155441286,"z":-0.03336981311440468,"w":0.9080209136009216},"size":1909.2181396484375,"orthographic":false}