{"cameraMode":{"drawMode":0,"name":"Shaded","section":"Shading Mode"},"sceneLighting":false,"audioPlay":false,"sceneViewState":{"showFog":true,"showMaterialUpdate":false,"showSkybox":false,"showFlares":true,"showImageEffects":true,"showParticleSystems":true},"in2DMode":false,"pivot":{"x":2.4999985694885256,"y":1.0,"z":-0.19999267160892487},"rotation":{"x":0.3210998475551605,"y":0.027592148631811143,"z":-0.009043323807418347,"w":0.9466771483421326},"size":10.585750579833985,"orthographic":true}