{"cameraMode":{"drawMode":0,"name":"Shaded","section":"Shading Mode"},"sceneLighting":true,"audioPlay":false,"sceneViewState":{"showFog":true,"showMaterialUpdate":false,"showSkybox":false,"showFlares":true,"showImageEffects":true,"showParticleSystems":true},"in2DMode":false,"pivot":{"x":-0.010000072419643402,"y":0.14000000059604646,"z":0.809999942779541},"rotation":{"x":0.0024250578135252,"y":-0.9975906014442444,"z":0.04702020809054375,"w":0.05121411010622978},"size":0.00005718030661228113,"orthographic":true}