{"cameraMode":{"drawMode":0,"name":"Shaded","section":"Shading Mode"},"sceneLighting":true,"audioPlay":false,"sceneViewState":{"showFog":true,"showMaterialUpdate":true,"showSkybox":false,"showFlares":true,"showImageEffects":true,"showParticleSystems":true},"in2DMode":false,"pivot":{"x":34.84864044189453,"y":0.8234081268310547,"z":51.53308868408203},"rotation":{"x":-0.024846317246556283,"y":0.9717331528663635,"z":-0.20140445232391358,"w":-0.1227930337190628},"size":17.8198184967041,"orthographic":true}