{"cameraMode":{"drawMode":0,"name":"Shaded","section":"Shading Mode"},"sceneLighting":false,"audioPlay":false,"sceneViewState":{"showFog":true,"showMaterialUpdate":false,"showSkybox":false,"showFlares":true,"showImageEffects":true,"showParticleSystems":true},"in2DMode":false,"pivot":{"x":-0.017230749130249025,"y":0.49800068140029909,"z":-0.018683433532714845},"rotation":{"x":0.05861084908246994,"y":0.8100460767745972,"z":-0.577664852142334,"w":0.08187316358089447},"size":9.446500778198243,"orthographic":true}