{"cameraMode":{"drawMode":0,"name":"Shaded","section":"Shading Mode"},"sceneLighting":false,"audioPlay":false,"sceneViewState":{"showFog":true,"showMaterialUpdate":false,"showSkybox":false,"showFlares":true,"showImageEffects":true,"showParticleSystems":true},"in2DMode":false,"pivot":{"x":0.0,"y":-0.06516846269369126,"z":-1.4901161193847657e-7},"rotation":{"x":0.1527957171201706,"y":-0.11657427996397019,"z":0.018474139273166658,"w":0.9813562035560608},"size":2.849677801132202,"orthographic":true}