{"cameraMode":{"drawMode":0,"name":"Shaded","section":"Shading Mode"},"sceneLighting":true,"audioPlay":false,"sceneViewState":{"showFog":true,"showMaterialUpdate":true,"showSkybox":true,"showFlares":true,"showImageEffects":true,"showParticleSystems":true},"in2DMode":false,"pivot":{"x":66.15702819824219,"y":166.05792236328126,"z":-452.00701904296877},"rotation":{"x":0.27490195631980898,"y":-0.5121846199035645,"z":0.17858700454235078,"w":0.7942034006118774},"size":381.02899169921877,"orthographic":true}