{"cameraMode":{"drawMode":0,"name":"Shaded","section":"Shading Mode"},"sceneLighting":true,"audioPlay":false,"sceneViewState":{"showFog":true,"showMaterialUpdate":false,"showSkybox":false,"showFlares":true,"showImageEffects":true,"showParticleSystems":true},"in2DMode":false,"pivot":{"x":-4.763500690460205,"y":1.8499994277954102,"z":-10.045499801635743},"rotation":{"x":-0.20282576978206635,"y":-0.18957199156284333,"z":0.03985206410288811,"w":-0.9598832726478577},"size":62.166969299316409,"orthographic":true}