{"cameraMode":{"drawMode":0,"name":"Shaded","section":"Shading Mode"},"sceneLighting":false,"audioPlay":false,"sceneViewState":{"showFog":true,"showMaterialUpdate":false,"showSkybox":false,"showFlares":true,"showImageEffects":true,"showParticleSystems":true},"in2DMode":false,"pivot":{"x":-37.7097053527832,"y":-15.35771369934082,"z":42.55058670043945},"rotation":{"x":0.1154492199420929,"y":-0.3481934368610382,"z":0.04325888678431511,"w":0.9292814135551453},"size":73.19731140136719,"orthographic":false}