{"cameraMode":{"drawMode":0,"name":"Shaded","section":"Shading Mode"},"sceneLighting":true,"audioPlay":false,"sceneViewState":{"showFog":true,"showMaterialUpdate":false,"showSkybox":true,"showFlares":true,"showImageEffects":true,"showParticleSystems":true},"in2DMode":false,"pivot":{"x":1.9888725280761719,"y":1.0277245044708253,"z":-0.7864198684692383},"rotation":{"x":-0.15366114675998689,"y":0.4566188156604767,"z":-0.08041653782129288,"w":-0.8726152777671814},"size":1.7267131805419922,"orthographic":false}